ID,file_name,file_path,domain,difficulty
1,append_eq_has_append.lean,Formal_Proof_Generation_Project\theorems\Lists\append_eq_has_append.lean,list,easy
2,append_left_injective.lean,Formal_Proof_Generation_Project\theorems\Lists\append_left_injective.lean,list,medium
3,append_nil.lean,Formal_Proof_Generation_Project\theorems\Lists\append_nil.lean,list,easy
4,append_right_injective.lean,Formal_Proof_Generation_Project\theorems\Lists\append_right_injective.lean,list,medium
5,cons_head!_tail.lean,Formal_Proof_Generation_Project\theorems\Lists\cons_head!_tail.lean,list,easy
6,cons_head?_tail.lean,Formal_Proof_Generation_Project\theorems\Lists\cons_head?_tail.lean,list,medium
7,cons_ne_nil.lean,Formal_Proof_Generation_Project\theorems\Lists\cons_ne_nil.lean,list,easy
8,drop_length.lean,Formal_Proof_Generation_Project\theorems\Lists\drop_length.lean,list,medium
9,drop_zero.lean,Formal_Proof_Generation_Project\theorems\Lists\drop_zero.lean,list,easy
10,eq_cons_of_mem_head?.lean,Formal_Proof_Generation_Project\theorems\Lists\eq_cons_of_mem_head?.lean,list,medium
11,getElem?_length.lean,Formal_Proof_Generation_Project\theorems\Lists\getElem?_length.lean,list,easy
12,head_cons.lean,Formal_Proof_Generation_Project\theorems\Lists\head_cons.lean,list,easy
13,head!_cons.lean,Formal_Proof_Generation_Project\theorems\Lists\head!_cons.lean,list,easy
14,head!_mem_self.lean,Formal_Proof_Generation_Project\theorems\Lists\head!_mem_self.lean,list,medium
15,head?_append_of_ne_nil.lean,Formal_Proof_Generation_Project\theorems\Lists\head?_append_of_ne_nil.lean,list,easy
16,head?_nil.lean,Formal_Proof_Generation_Project\theorems\Lists\head?_nil.lean,list,easy
17,length_append.lean,Formal_Proof_Generation_Project\theorems\Lists\length_append.lean,list,medium
18,length_cons.lean,Formal_Proof_Generation_Project\theorems\Lists\length_cons.lean,list,medium
19,length_eq_four.lean,Formal_Proof_Generation_Project\theorems\Lists\length_eq_four.lean,list,hard
20,length_eq_succ_iff.lean,Formal_Proof_Generation_Project\theorems\Lists\length_eq_succ_iff.lean,list,hard
21,length_eq_three.lean,Formal_Proof_Generation_Project\theorems\Lists\length_eq_three.lean,list,hard
22,length_eq_two.lean,Formal_Proof_Generation_Project\theorems\Lists\length_eq_two.lean,list,hard
23,length_map.lean,Formal_Proof_Generation_Project\theorems\Lists\length_map.lean,list,medium
24,length_nil.lean,Formal_Proof_Generation_Project\theorems\Lists\length_nil.lean,list,easy
25,length_pos_iff_ne_nil.lean,Formal_Proof_Generation_Project\theorems\Lists\length_pos_iff_ne_nil.lean,list,easy
26,length_pos_of_ne_nil.lean,Formal_Proof_Generation_Project\theorems\Lists\length_pos_of_ne_nil.lean,list,easy
27,length_reverse.lean,Formal_Proof_Generation_Project\theorems\Lists\length_reverse.lean,list,easy
28,length_singleton.lean,Formal_Proof_Generation_Project\theorems\Lists\length_singleton.lean,list,easy
29,map_append.lean,Formal_Proof_Generation_Project\theorems\Lists\map_append.lean,list,medium
30,map_id.lean,Formal_Proof_Generation_Project\theorems\Lists\map_id.lean,list,hard
31,map_nil.lean,Formal_Proof_Generation_Project\theorems\Lists\map_nil.lean,list,easy
32,map_singleton.lean,Formal_Proof_Generation_Project\theorems\Lists\map_singleton.lean,list,easy
33,mem_append.lean,Formal_Proof_Generation_Project\theorems\Lists\mem_append.lean,list,hard
34,mem_cons_self.lean,Formal_Proof_Generation_Project\theorems\Lists\mem_cons_self.lean,list,easy
35,mem_head?_append_of_mem_head?.lean,Formal_Proof_Generation_Project\theorems\Lists\mem_head?_append_of_mem_head?.lean,list,medium
36,mem_reverse.lean,Formal_Proof_Generation_Project\theorems\Lists\mem_reverse.lean,list,easy
37,mem_singleton.lean,Formal_Proof_Generation_Project\theorems\Lists\mem_singleton.lean,list,easy
38,ne_nil_of_length_pos.lean,Formal_Proof_Generation_Project\theorems\Lists\ne_nil_of_length_pos.lean,list,easy
39,nil_append.lean,Formal_Proof_Generation_Project\theorems\Lists\nil_append.lean,list,easy
40,not_mem_nil.lean,Formal_Proof_Generation_Project\theorems\Lists\not_mem_nil.lean,list,easy
41,replicate_add.lean,Formal_Proof_Generation_Project\theorems\Lists\replicate_add.lean,list,easy
42,replicate_succ.lean,Formal_Proof_Generation_Project\theorems\Lists\replicate_succ.lean,list,easy
43,reverse_nil.lean,Formal_Proof_Generation_Project\theorems\Lists\reverse_nil.lean,list,easy
44,reverse_reverse.lean,Formal_Proof_Generation_Project\theorems\Lists\reverse_reverse.lean,list,easy
45,reverse_singleton.lean,Formal_Proof_Generation_Project\theorems\Lists\reverse_singleton.lean,list,medium
46,tail_append_singleton_of_ne_nil.lean,Formal_Proof_Generation_Project\theorems\Lists\tail_append_singleton_of_ne_nil.lean,list,easy
47,tail_cons.lean,Formal_Proof_Generation_Project\theorems\Lists\tail_cons.lean,list,easy
48,tail_nil.lean,Formal_Proof_Generation_Project\theorems\Lists\tail_nil.lean,list,easy
49,take_length.lean,Formal_Proof_Generation_Project\theorems\Lists\take_length.lean,list,medium
50,take_zero.lean,Formal_Proof_Generation_Project\theorems\Lists\take_zero.lean,list,easy
51,choose_eq_choose_pred_add.lean,Formal_Proof_Generation_Project\theorems\Nat\choose_eq_choose_pred_add.lean,nat,easy
52,choose_eq_zero_of_lt.lean,Formal_Proof_Generation_Project\theorems\Nat\choose_eq_zero_of_lt.lean,nat,hard
53,choose_ne_zero.lean,Formal_Proof_Generation_Project\theorems\Nat\choose_ne_zero.lean,nat,easy
54,choose_one_right.lean,Formal_Proof_Generation_Project\theorems\Nat\choose_one_right.lean,nat,medium
55,choose_self.lean,Formal_Proof_Generation_Project\theorems\Nat\choose_self.lean,nat,easy
56,choose_succ_left.lean,Formal_Proof_Generation_Project\theorems\Nat\choose_succ_left.lean,nat,easy
57,choose_succ_self.lean,Formal_Proof_Generation_Project\theorems\Nat\choose_succ_self.lean,nat,easy
58,choose_succ_succ.lean,Formal_Proof_Generation_Project\theorems\Nat\choose_succ_succ.lean,nat,easy
59,choose_symm.lean,Formal_Proof_Generation_Project\theorems\Nat\choose_symm.lean,nat,easy
60,choose_zero_right.lean,Formal_Proof_Generation_Project\theorems\Nat\choose_zero_right.lean,nat,easy
61,choose_zero_succ.lean,Formal_Proof_Generation_Project\theorems\Nat\choose_zero_succ.lean,nat,easy
62,div_right_comm.lean,Formal_Proof_Generation_Project\theorems\Nat\div_right_comm.lean,nat,easy
63,dvd_factorial.lean,Formal_Proof_Generation_Project\theorems\Nat\dvd_factorial.lean,nat,hard
64,dvd_left_injective.lean,Formal_Proof_Generation_Project\theorems\Nat\dvd_left_injective.lean,nat,medium
65,dvd_sub_self_left.lean,Formal_Proof_Generation_Project\theorems\Nat\dvd_sub_self_left.lean,nat,hard
66,dvd_sub_self_right.lean,Formal_Proof_Generation_Project\theorems\Nat\dvd_sub_self_right.lean,nat,hard
67,factorial_dvd_factorial.lean,Formal_Proof_Generation_Project\theorems\Nat\factorial_dvd_factorial.lean,nat,easy
68,factorial_eq_one.lean,Formal_Proof_Generation_Project\theorems\Nat\factorial_eq_one.lean,nat,medium
69,factorial_le.lean,Formal_Proof_Generation_Project\theorems\Nat\factorial_le.lean,nat,easy
70,factorial_le_pow.lean,Formal_Proof_Generation_Project\theorems\Nat\factorial_le_pow.lean,nat,hard
71,factorial_mul_pow_le_factorial.lean,Formal_Proof_Generation_Project\theorems\Nat\factorial_mul_pow_le_factorial.lean,nat,medium
72,factorial_ne_zero.lean,Formal_Proof_Generation_Project\theorems\Nat\factorial_ne_zero.lean,nat,easy
73,factorial_succ.lean,Formal_Proof_Generation_Project\theorems\Nat\factorial_succ.lean,nat,medium
74,factorial_two.lean,Formal_Proof_Generation_Project\theorems\Nat\factorial_two.lean,nat,easy
75,factorial_zero.lean,Formal_Proof_Generation_Project\theorems\Nat\factorial_zero.lean,nat,easy
76,mul_factorial_pred.lean,Formal_Proof_Generation_Project\theorems\Nat\mul_factorial_pred.lean,nat,easy
77,mul_le_pow.lean,Formal_Proof_Generation_Project\theorems\Nat\mul_le_pow.lean,nat,hard
78,one_lt_factorial.lean,Formal_Proof_Generation_Project\theorems\Nat\one_lt_factorial.lean,nat,easy
79,pow_left_injective.lean,Formal_Proof_Generation_Project\theorems\Nat\pow_left_injective.lean,nat,easy
80,pow_right_injective.lean,Formal_Proof_Generation_Project\theorems\Nat\pow_right_injective.lean,nat,easy
81,pow_sub_one.lean,Formal_Proof_Generation_Project\theorems\Nat\pow_sub_one.lean,nat,easy
82,self_le_factorial.lean,Formal_Proof_Generation_Project\theorems\Nat\self_le_factorial.lean,nat,medium
83,succ_injective.lean,Formal_Proof_Generation_Project\theorems\Nat\succ_injective.lean,nat,medium
84,triangle_succ.lean,Formal_Proof_Generation_Project\theorems\Nat\triangle_succ.lean,nat,medium
85,And.rotate.lean,Formal_Proof_Generation_Project\theorems\Prop\And.rotate.lean,prop,easy
86,and_symm_right.lean,Formal_Proof_Generation_Project\theorems\Prop\and_symm_right.lean,prop,hard
87,by_cases.lean,Formal_Proof_Generation_Project\theorems\Prop\by_cases.lean,prop,easy
88,by_contradiction.lean,Formal_Proof_Generation_Project\theorems\Prop\by_contradiction.lean,prop,easy
89,eq_comm_eq.lean,Formal_Proof_Generation_Project\theorems\Prop\eq_comm_eq.lean,prop,easy
90,eq_iff_eq_cancel_left.lean,Formal_Proof_Generation_Project\theorems\Prop\eq_iff_eq_cancel_left.lean,prop,easy
91,eq_or_ne.lean,Formal_Proof_Generation_Project\theorems\Prop\eq_or_ne.lean,prop,medium
92,Iff.and.lean,Formal_Proof_Generation_Project\theorems\Prop\Iff.and.lean,prop,medium
93,Iff.ne.lean,Formal_Proof_Generation_Project\theorems\Prop\Iff.ne.lean,prop,medium
94,Iff.not.lean,Formal_Proof_Generation_Project\theorems\Prop\Iff.not.lean,prop,medium
95,Iff.not_left.lean,Formal_Proof_Generation_Project\theorems\Prop\Iff.not_left.lean,prop,medium
96,Iff.not_right.lean,Formal_Proof_Generation_Project\theorems\Prop\Iff.not_right.lean,prop,easy
97,iff_comm_eq.lean,Formal_Proof_Generation_Project\theorems\Prop\iff_comm_eq.lean,prop,easy
98,iff_eq_eq.lean,Formal_Proof_Generation_Project\theorems\Prop\iff_eq_eq.lean,prop,easy
99,imp_and_neg_imp_iff.lean,Formal_Proof_Generation_Project\theorems\Prop\imp_and_neg_imp_iff.lean,prop,hard
100,imp_or.lean,Formal_Proof_Generation_Project\theorems\Prop\imp_or.lean,prop,hard
101,ne_and_eq_iff_right.lean,Formal_Proof_Generation_Project\theorems\Prop\ne_and_eq_iff_right.lean,prop,hard
102,ne_of_eq_of_ne.lean,Formal_Proof_Generation_Project\theorems\Prop\ne_of_eq_of_ne.lean,prop,easy
103,not_and_not_right.lean,Formal_Proof_Generation_Project\theorems\Prop\not_and_not_right.lean,prop,hard
104,not_and_or.lean,Formal_Proof_Generation_Project\theorems\Prop\not_and_or.lean,prop,hard
105,not_imp_not.lean,Formal_Proof_Generation_Project\theorems\Prop\not_imp_not.lean,prop,hard
106,not_imp_self.lean,Formal_Proof_Generation_Project\theorems\Prop\not_imp_self.lean,prop,medium
107,not_ne_iff.lean,Formal_Proof_Generation_Project\theorems\Prop\not_ne_iff.lean,prop,medium
108,not_or_of_imp.lean,Formal_Proof_Generation_Project\theorems\Prop\not_or_of_imp.lean,prop,medium
109,not_xor.lean,Formal_Proof_Generation_Project\theorems\Prop\not_xor.lean,prop,hard
110,of_not_imp.lean,Formal_Proof_Generation_Project\theorems\Prop\of_not_imp.lean,prop,easy
111,of_not_not.lean,Formal_Proof_Generation_Project\theorems\Prop\of_not_not.lean,prop,easy
112,or_not.lean,Formal_Proof_Generation_Project\theorems\Prop\or_not.lean,prop,medium
113,or_not_of_imp.lean,Formal_Proof_Generation_Project\theorems\Prop\or_not_of_imp.lean,prop,medium
114,Xor.or.lean,Formal_Proof_Generation_Project\theorems\Prop\Xor.or.lean,prop,medium
115,xor_not_left.lean,Formal_Proof_Generation_Project\theorems\Prop\xor_not_left.lean,prop,hard
116,xor_not_not.lean,Formal_Proof_Generation_Project\theorems\Prop\xor_not_not.lean,prop,hard
117,xor_not_right.lean,Formal_Proof_Generation_Project\theorems\Prop\xor_not_right.lean,prop,hard
118,add_add_add_comm.lean,Formal_Proof_Generation_Project\theorems\Group\add_add_add_comm.lean,group,easy
119,add_left_comm.lean,Formal_Proof_Generation_Project\theorems\Group\add_left_comm.lean,group,easy
120,add_ne_left.lean,Formal_Proof_Generation_Project\theorems\Group\add_ne_left.lean,group,hard
121,add_rotate.lean,Formal_Proof_Generation_Project\theorems\Group\add_rotate.lean,group,easy
122,add_sub_add_comm.lean,Formal_Proof_Generation_Project\theorems\Group\add_sub_add_comm.lean,group,medium
123,boole_nsmul.lean,Formal_Proof_Generation_Project\theorems\Group\boole_nsmul.lean,group,easy
124,comp_add_left.lean,Formal_Proof_Generation_Project\theorems\Group\comp_add_left.lean,group,easy
125,comp_mul_left.lean,Formal_Proof_Generation_Project\theorems\Group\comp_mul_left.lean,group,easy
126,div_div_div_eq.lean,Formal_Proof_Generation_Project\theorems\Group\div_div_div_eq.lean,group,medium
127,div_mul_eq_div_mul_one_div.lean,Formal_Proof_Generation_Project\theorems\Group\div_mul_eq_div_mul_one_div.lean,group,medium
128,eq_iff_eq_of_mul_eq_mul.lean,Formal_Proof_Generation_Project\theorems\Group\eq_iff_eq_of_mul_eq_mul.lean,group,hard
129,eq_one_iff_eq_one_of_mul_eq_one.lean,Formal_Proof_Generation_Project\theorems\Group\eq_one_iff_eq_one_of_mul_eq_one.lean,group,hard
130,eq_zero_iff_eq_zero_of_add_eq_zero.lean,Formal_Proof_Generation_Project\theorems\Group\eq_zero_iff_eq_zero_of_add_eq_zero.lean,group,hard
131,inv_unique.lean,Formal_Proof_Generation_Project\theorems\Group\inv_unique.lean,group,easy
132,left_eq_add.lean,Formal_Proof_Generation_Project\theorems\Group\left_eq_add.lean,group,hard
133,mul_div_assoc'.lean,Formal_Proof_Generation_Project\theorems\Group\mul_div_assoc'.lean,group,easy
134,mul_eq_left.lean,Formal_Proof_Generation_Project\theorems\Group\mul_eq_left.lean,group,hard
135,mul_left_comm.lean,Formal_Proof_Generation_Project\theorems\Group\mul_left_comm.lean,group,easy
136,mul_mul_mul_comm.lean,Formal_Proof_Generation_Project\theorems\Group\mul_mul_mul_comm.lean,group,easy
137,mul_one_div.lean,Formal_Proof_Generation_Project\theorems\Group\mul_one_div.lean,group,easy
138,mul_pow.lean,Formal_Proof_Generation_Project\theorems\Group\mul_pow.lean,group,medium
139,mul_pow_sub_one.lean,Formal_Proof_Generation_Project\theorems\Group\mul_pow_sub_one.lean,group,easy
140,mul_rotate.lean,Formal_Proof_Generation_Project\theorems\Group\mul_rotate.lean,group,easy
141,neg_nsmul.lean,Formal_Proof_Generation_Project\theorems\Group\neg_nsmul.lean,group,easy
142,neg_sub_left.lean,Formal_Proof_Generation_Project\theorems\Group\neg_sub_left.lean,group,easy
143,neg_unique.lean,Formal_Proof_Generation_Project\theorems\Group\neg_unique.lean,group,easy
144,one_mul_eq_id.lean,Formal_Proof_Generation_Project\theorems\Group\one_mul_eq_id.lean,group,medium
145,pow_boole.lean,Formal_Proof_Generation_Project\theorems\Group\pow_boole.lean,group,easy
146,pow_eq_pow_mod.lean,Formal_Proof_Generation_Project\theorems\Group\pow_eq_pow_mod.lean,group,easy
147,pow_mul_pow_eq_one.lean,Formal_Proof_Generation_Project\theorems\Group\pow_mul_pow_eq_one.lean,group,medium
148,pow_mul_pow_sub.lean,Formal_Proof_Generation_Project\theorems\Group\pow_mul_pow_sub.lean,group,easy
149,sub_eq_neg_self.lean,Formal_Proof_Generation_Project\theorems\Group\sub_eq_neg_self.lean,group,hard
150,zero_add_eq_id.lean,Formal_Proof_Generation_Project\theorems\Group\zero_add_eq_id.lean,group,medium
